,maximum,minimum,mean,variance,skew,kurtosis,mean x,mean y,mean z,peak x,peak y,peak z,stillness,middle of stillness,angular path length,biggest angle difference,angle between incident and vertical,low frequency power,medium frequency power,high frequency power,window 0:5000 maximum,window 0:5000 minimum,window 0:5000 mean,window 0:5000 variance,window 0:5000 skew,window 0:5000 kurtosis,window 0:5000 mean x,window 0:5000 mean y,window 0:5000 mean z,window 0:5000 angular path length,window 0:5000 biggest angle difference,window 0:5000 low frequency power,window 0:5000 medium frequency power,window 0:5000 high frequency power,window 2500:7500 maximum,window 2500:7500 minimum,window 2500:7500 mean,window 2500:7500 variance,window 2500:7500 skew,window 2500:7500 kurtosis,window 2500:7500 mean x,window 2500:7500 mean y,window 2500:7500 mean z,window 2500:7500 angular path length,window 2500:7500 biggest angle difference,window 2500:7500 low frequency power,window 2500:7500 medium frequency power,window 2500:7500 high frequency power,window 5000:10000 maximum,window 5000:10000 minimum,window 5000:10000 mean,window 5000:10000 variance,window 5000:10000 skew,window 5000:10000 kurtosis,window 5000:10000 mean x,window 5000:10000 mean y,window 5000:10000 mean z,window 5000:10000 angular path length,window 5000:10000 biggest angle difference,window 5000:10000 low frequency power,window 5000:10000 medium frequency power,window 5000:10000 high frequency power,window 7500:12500 maximum,window 7500:12500 minimum,window 7500:12500 mean,window 7500:12500 variance,window 7500:12500 skew,window 7500:12500 kurtosis,window 7500:12500 mean x,window 7500:12500 mean y,window 7500:12500 mean z,window 7500:12500 angular path length,window 7500:12500 biggest angle difference,window 7500:12500 low frequency power,window 7500:12500 medium frequency power,window 7500:12500 high frequency power,window 10000:15000 maximum,window 10000:15000 minimum,window 10000:15000 mean,window 10000:15000 variance,window 10000:15000 skew,window 10000:15000 kurtosis,window 10000:15000 mean x,window 10000:15000 mean y,window 10000:15000 mean z,window 10000:15000 angular path length,window 10000:15000 biggest angle difference,window 10000:15000 low frequency power,window 10000:15000 medium frequency power,window 10000:15000 high frequency power
0,0.013789407872103579,-0.04094248506303155,-0.04175529169659954,-0.012298946365814594,0.026186844964448456,0.01707215379966495,0.04970211216258902,-0.036797602068951815,0.0743452372512249,0.12890103705766215,-0.04135306418790743,-0.09490456798006978,-0.10544280704835712,0.02095724498360947,0.7751084016476504,0.6705912003649721,0.10988591271584774,0.07152004062943804,-0.0710995751005436,0.0087334627305581,-0.04549415823574479,0.042509714458110595,-0.05031522708616087,-0.05332698579249014,-0.01262371161204923,0.025388216184288482,0.00320184098711074,-0.04442356629867952,0.08711827285692411,0.2923514278586175,0.23213239702073882,0.023056823858114465,-0.06474709502873968,-0.04476614330663611,0.003391152192622444,-0.06347509814841142,-0.03808114507464001,-0.00673025871755416,0.0027544966344705854,0.04182161626582982,0.00591560793079499,-0.07317310952083597,0.0989580996897888,0.8042909537660938,0.7590691057128333,0.06989559808952797,-0.040091129067985204,-0.002977090922283193,0.011735448786638809,-0.05989937957836252,-0.021153889222505693,0.014298677998468692,-0.012843716091650113,-0.018722282815579402,0.07223793064181384,-0.07390234534193103,0.06430402164245824,1.0,0.9489367873892229,0.05153604584140299,-0.08271618104394741,0.024775908062172697,0.012537415969309693,0.012323353451583705,-0.022568002742594042,-0.004994807715564477,0.08057565033299922,0.07618093270929645,0.08241607651665017,-0.027029069749495337,0.03365364241519013,0.7275422695142357,0.6642743541942976,0.06228470980645699,-0.044220979085923456,-0.0197562757026827,-0.04195213208486634,0.038103286035379456,-0.042475532083046025,-0.04000536536630852,-0.03498413168542927,0.044016451945272074,0.05337807216696159,0.012169733936179991,0.03797733196578403,0.3428323970396469,0.3232392137731508,-0.004445919298214149,-0.045353183147662235,-0.048075409377380085
1,0.012796201039133388,0.02791197385406505,-0.1229041289825574,0.03776710009697884,0.053479069337046804,0.027671875853108763,0.17044847908355068,1.0,0.17955254416516556,0.035192189518226495,0.8450230045276065,0.095867966605832,0.016471523415176523,-0.011284683244563635,-0.0504816218604565,-0.06776758351042048,-0.038519270179880105,0.007107856540415157,-0.006351905768287842,-0.07031943302651682,-0.09702425261015245,0.04054841455619763,-0.24583010203780745,-0.05462611635521897,-0.01858239464484143,-0.02629090309691957,0.08788641272565144,0.9782524038800138,0.1324031108606894,-0.037686770607588516,-0.03534039003840712,-0.03308399276078612,-0.032501520889669684,-0.09701077721898023,-0.01209045290965542,0.04667050486122434,-0.1427269966285744,-0.019988691991670582,0.06412274244366724,0.053274705190436075,0.09774668053213724,0.9836887371720127,0.1671108524666713,-0.05685412810754342,-0.05300359706076641,-0.05919432839349544,-0.037993598698724255,-0.08584577142585426,0.012117497455533451,0.0037521302933913535,-0.017092015504390788,0.0575791637946297,0.017650675605373402,0.002039728299420558,0.16998066963255787,0.9849928434683011,0.1856921500182681,-0.05959256221897096,-0.09857922718229588,0.018755949884450757,0.06535113289484497,0.009236634158503143,0.010952835827191514,-0.010163050174796098,-0.026186617008297608,0.06155764604755777,-0.0069836966904216315,-0.017300979970862898,0.22086439292903498,0.982824409351573,0.175759950923155,-0.02300344926615058,-0.001220153597898611,0.03361893542260016,0.07081649891110467,0.014627533899877072,-0.043150483289184305,0.013649310096632655,-0.12666285308429004,0.006196236650481645,0.00276221000784663,-0.052112397772078316,0.18241854617979478,0.9754300415413517,0.1421150670104952,0.011920604780477826,0.011767679976073205,0.005118528241578077,0.007549397388662366,-0.07715298110694638
2,0.00021377404030076199,-0.042097603681139364,0.026864355399080372,0.004874040219636465,-0.03126045619624601,-0.03772204399474362,0.02664441852819728,-0.02402471523279871,0.03906063140931139,-0.013613434582735864,0.006151568500195707,0.022417569093206392,-0.024166563574050722,0.045882293392825096,0.6012736924551144,0.5188187581571251,-0.010107021674893753,0.03613249883126647,-0.02768522146541127,0.02514898669940999,0.15098652413617522,-0.2242591508253594,0.07107515816863409,0.05786583699500212,0.04399307056968229,0.044858349809829536,0.051767214917743644,-0.07051735367545701,0.03168310476136685,1.0,0.9389795556753756,0.12028318488237333,-0.061944601755510094,0.03788294219640149,0.00899651557198396,-0.05541931241020477,0.03002391696646513,0.0027154918763228563,-0.019229702539625533,-0.04418942080544365,0.023029326934674552,-0.027316938849814884,0.0044713978613577,0.46135990424444034,0.404705096414475,0.07355383382243423,-0.0028565677602606044,0.06299668863821804,0.002672660283307306,-0.019579240202054655,0.009559184898279992,-0.009006911249864557,0.019066118541947435,0.01302908596465714,0.002022235913028673,-0.0013591843459079456,0.03030031342110212,0.01713502009957222,-0.016572143501720992,0.0004903704771334464,-0.017889945099078736,-0.026726067005809543,0.02573498094589431,0.0005834441951692306,0.006684098677732324,-0.0019951522963333676,0.03515998171137535,0.025660197650845828,0.007264608271242922,0.006477203974899083,0.05110494348137586,-0.001879670072912205,-0.028322718082521264,0.010290353742651056,-0.011589494091733377,0.01921978041072604,0.001357265075698038,-0.03222936281987454,0.006229185612872393,-0.0037357792477606933,0.0027447728910786873,0.010658207331112803,0.015942373795362817,0.0022906444701217103,0.03721913557149741,0.03666387448958632,0.03676144899774301,0.0073709604859717205,-0.004299989143961732,-0.022304211298739413
3,0.07692663168318868,0.05106499959036324,1.0,0.4734990812387448,-0.14514142386159218,-0.15121805324531556,0.013338159000817256,-0.04625884656195708,-0.11730930626688854,0.06205071240996636,-0.042922246868676836,-0.1125432123575054,0.07841845232337201,-0.04313894177853893,-0.00836463018101097,0.036868805717496574,-0.0378140308799053,0.49837658603288837,0.1945128738945733,0.05587393556848202,0.16729004366613667,0.1141019053502645,0.6655224890436293,0.1654936161141799,0.12256607853512651,0.03717535184367369,0.025875259558373654,-0.07901534508516671,-0.014357817548378263,0.02413343527289395,0.046290174358147355,0.1158323634513668,0.0699680191969662,0.07742320981071987,0.2686351948046675,0.09746921171479443,0.8333918909673171,0.35970022363618465,0.06218760144100204,-0.03774564265612849,0.02365620332421065,-0.05172666340010672,-0.07412555573345841,-0.012931461865444251,0.0069039635670072865,0.3545428841445113,0.1870236438028628,0.10127483111788285,0.08479562658204129,0.04540805532519285,0.9200518405268916,0.4087755569702809,-0.3021161655319591,-0.2689930081679653,0.024225146164376408,-0.023518990870957136,-0.18685972422202649,-0.04310961169736526,-0.023142141315717187,0.2978450539628652,0.1270988821730915,-0.05351442474293035,0.07275027667444085,0.05635658218985779,0.88890452811975,0.38385136784302704,-0.2698905315652364,-0.24976029183326856,0.003536567591150972,-0.026587129939119287,-0.18306454959330648,-0.05775724855622235,-0.05183672763484808,0.3229943861459133,0.28276679918910086,0.1820026725844988,0.21995155641530634,0.08502119323167404,0.7503611378583316,0.23460340095336626,0.08083506835322898,-0.025650029806184017,-0.012458154122348936,-0.03293675447601307,-0.10541717711356458,0.0018361376297633875,0.003239297787167064,0.15206262570265863,0.13630464051122168,0.12699458462218496
4,0.02642872516809531,-0.03289535874009884,-0.019120239661349847,0.027308042280022888,0.005444206527523901,-0.0042897644128292705,0.018979200267311265,-0.0022879044097336558,0.05643953453562555,0.0013390750363907477,0.024926517706476168,0.004841348976081615,-0.09232451387186098,0.04687469597578656,0.3076859271092592,0.2817976125561345,-0.01466344551879785,0.033034870821622264,-0.013949607520305432,-0.0458471371811481,-0.033984662450331306,0.030269394906635647,-0.06017922160555579,-0.02189616595199635,0.0073632723381507476,0.006851360393729774,-0.019927089653201103,0.0457445357091706,0.02763665954828828,-0.00716289456713015,-0.017725915502988326,-0.0032767849816521394,0.000915633650639875,-0.060305642877834284,-0.0032903799714268955,0.006332994022652234,-0.044002674403632654,-0.0051359593300724935,0.007821433899922034,0.02862573369523524,-0.0027623055643794937,0.052815620099825884,0.03170720284620319,0.059171889983713165,0.05361361524062636,-0.03466419431809158,-0.026270364542330327,-0.038742285049363036,0.020430861097006068,0.009149690891005867,0.03285086625019377,0.04573780848535204,0.014681943388893916,0.012502184409509225,0.008757394100814187,0.03195338610462999,-0.016151234140130304,0.16381294609976024,0.12017892242226307,0.04095805156345287,-0.0007768736889370746,-0.023796610343780215,0.006843972516358588,-0.044106812291867366,0.023363556383596447,0.04747983802346167,-0.012259466281989167,-0.02237476325617975,0.0410860343974826,-0.04330994218682048,0.0449465638482205,0.6455816168693025,0.6181199936838776,0.12334492960647768,-0.03831839770768971,0.02403990254124299,0.008637264523768699,-0.08043060486014762,-0.05994249764533776,-0.025846794762197322,-0.029901393739858534,0.025976670994524977,0.05602388919377387,-0.08791645731892839,0.1264503848574058,0.993666937730422,1.0,0.010095395443100839,-0.09376009169566535,-0.019134298014376074
5,0.009826231514495458,0.011716845285115197,0.01260427748053155,0.01872636663514591,0.007374317242502358,0.019876700174225676,1.0,0.10861286887525337,0.06146240637561478,0.2911146857237993,0.11704533988221887,0.010221133765815401,-0.01913264896864022,-0.009097111725868738,0.04496909522743631,0.07032120861267091,-0.013956020818385017,0.03563802985018212,0.029263796417758284,-0.01550040032346856,0.012883563042070814,-0.050645272309842,-0.02110988874003486,0.03611106854440194,-0.004555417674747791,0.019125070979703285,0.852332081729049,0.09859292380611684,0.06792249551753439,0.02525055303474612,0.044188738772061135,-0.012695379090189302,-4.81927071175226e-05,-0.0397579855999906,0.00674723987314882,-0.0015715373472252375,0.01087987343542104,0.03686126521807462,-0.01889154016613466,-0.030638600790642553,0.8874421592439943,0.10983462380129244,0.07758559548907284,0.04438974614079384,0.049929797619169075,0.08646704025981823,0.05056046844446384,0.016144841103513732,0.010283752526247044,0.008363315827512454,0.038423885617836995,0.012264426144193798,-0.006728844914079605,-0.0007640321394218915,0.8903290610840953,0.11912206240709552,0.03559891890838064,0.046105994901786164,0.044328098903193155,0.0003386650756802093,0.007353573513943404,-0.03355143209432469,0.0028552480095211078,0.007164484908048458,0.031166655538657904,0.015623269423477672,-0.01790860989936412,-0.013334665463155251,0.8807493063415374,0.11665545400362212,0.023668252377662083,0.045302043151372824,0.04382131389566106,0.04290939275471928,0.04883436624631672,0.016568358169656544,0.012044487688374026,0.009861666737320975,-0.011768576745943862,-0.007150135466235823,0.006891817066099268,0.03260132157000401,0.8614955413811283,0.10126109532762945,0.05147408124411841,0.025185886881982464,0.02358099604410973,-0.026036891786069275,-0.01591280314020141,-0.04475627879866265
6,-0.028161704289706966,-0.013585537136244373,-0.1637678427381981,-0.1208484600057426,0.09058792070879876,0.08301906093845605,0.053399878370914415,0.10745016978138411,1.0,0.04150914998602209,0.1165451043298978,0.2711688312625139,-0.09444079202355361,0.011817532779120123,0.08494474715358796,0.06459684269282201,-0.0173239830474312,-0.09338762607112383,-0.07562969501922472,-0.028300156260618155,-0.05480392528128262,-0.002504224238569427,-0.11536621897135899,-0.07484627979551596,-0.029554073973297835,0.037234018955044634,0.05492674558613005,0.10084809737790548,0.8465132253435512,0.05487170142260509,0.04651191032885795,-0.03134203992637036,-0.06576712274155308,-0.045011363470348786,-0.0658061378308662,-0.012115771497459144,-0.12151635727394544,-0.09109416154483267,-0.013900518097199248,0.04864536334209594,0.05408796917105261,0.09986671572542032,0.8856933366399495,0.057463101486678526,0.04565782862362205,-0.0597987856666637,-0.07980212565235942,-0.04750276300628964,-0.02801715383298848,0.004526343726515087,-0.1508573752275203,-0.11366324658569822,0.1353635490573783,0.1249331556388438,0.05780163876433091,0.10553619662527791,0.8643749389991298,0.07073119676069664,0.03303206722471927,-0.06737900902334837,-0.04814982568180339,0.009549687586413402,-0.027566802753756562,0.02525977283861814,-0.14619100417920494,-0.10387660792090027,0.13607798244210212,0.12901973605327874,0.0429266165668501,0.11312303096772723,0.8555424707337987,0.08888082817873218,0.09168023753289842,-0.09572316748360299,-0.1066728792201178,-0.09425681360066995,-0.09118722843190544,0.05842295190809156,-0.11807453027100955,-0.06894017414730311,-0.04761971980669461,0.00760218937417343,0.02848467738560174,0.10956930646130748,0.8368074753375673,0.06663297138534395,0.06469858892514109,-0.020019782799104952,-0.03658134468977731,-0.05509371432889546
7,-0.04609302618576727,-0.03571467793590637,0.05432082879831202,0.7439873076985173,0.10819092064089701,0.06434203737005272,0.009937256409768712,0.011660176902805637,-0.026108180661683376,0.0037908211240428114,0.011461455380353152,-0.12036634044710638,0.02522583909744764,0.1074244478831924,0.00230206093901003,-0.0014212528625906968,-0.14906307193793922,0.47897919488839835,0.07482633877111158,-0.02716733374559519,-0.03712725528006195,-0.030933869792230423,-0.3731624295295355,0.02326042772479261,0.009172153269276763,0.0568720989606326,0.03808063873999994,0.012069284753523308,0.01649961936152881,-0.00931002793299092,0.0030236995931421057,-0.022860080890430196,0.06937943358529074,0.00452542272612871,-0.018460463173008982,0.07116714105665876,-0.31198009505944807,0.0003611264562901958,0.03381208323528031,0.029506489884468988,0.014086797992404022,0.0080499960852641,0.020665218009576977,0.028388774690338858,0.030422604110877306,-0.15618546972417457,-0.09375243777295289,-0.040517360834134895,-0.018016457190447692,-0.09191033080547925,0.3728215347577074,0.9258008429819237,-0.12806081639627862,-0.12178375069427855,-0.03540445170316293,0.004559234678196245,-0.11495882475881117,-0.002138450998004308,0.005849207240600131,0.6977201021518286,0.38509801368302893,0.07265016682999635,0.01655039035914311,-0.26470297042179447,0.456117122908205,1.0,-0.23768645592456525,-0.2509590986859202,-0.004826550255457327,0.013755651556857623,-0.11329285512051704,-0.031305750552209945,-0.01329119712899973,0.8508443262031812,0.45062484309806655,0.2438069271131744,-0.03727221442972669,0.019681089528880806,-0.17612983335463955,0.138380373378985,0.008827117495193314,0.03037170300484098,0.020942366800217965,0.017908053268730562,0.023576367022344082,0.037119574121086775,0.03980583045984449,-0.0024071915301689378,0.03434700226637787,-0.017203156455890975
8,1.0,-0.0962292579042021,0.14456940607185534,0.3835349668922318,0.10441031708583343,0.018099404812596302,0.008276080234108418,0.008269849880155942,-0.03671593249992532,0.029457304471393102,0.022712688222111494,-0.09869341652488325,0.03682051698041739,0.0034684001491359995,0.023025064450257673,0.012772021140259094,0.021143438283323563,0.4694938661085787,0.055234890943520666,-0.03146775034528144,-0.03792270327418275,-0.03051065732022258,-0.016905898495653715,-0.004458244983235512,-0.054722759495564405,-0.052128146726450206,0.014904480310586719,0.007564817505439267,-0.017612229115414116,0.010780556551313946,0.009054090624713169,0.03617676427756808,-0.005340123293738116,-0.06349167028658302,0.11602355801218794,-0.04455772002085239,-0.008037444635300891,0.019435974220121822,0.08395867889203251,0.05392214676517913,0.015403132812321026,0.011796687081391888,-0.029564255719888646,0.014735284602419359,0.007180641620516496,0.013254619678060926,-0.049591296766557,-0.06705776044588475,0.9985958379308181,-0.09062081499999215,0.24249829613479323,0.5114736806974585,0.0063552261479990725,-0.05663909912201607,0.01431355481128777,0.016665078277406622,-0.07321845704431836,0.016095054936453062,-0.002324201837433904,0.6311543976593373,0.23524507011605594,0.09914315311889786,0.9369095024484185,-0.1169679704041891,0.25137840064210404,0.5501065979690198,-0.009970199013919951,-0.07747733009088711,-0.001574493942183153,0.010034253840261168,-0.06041803553050131,0.0215334040541912,0.02732721004786206,0.2670982593119153,0.02942572881699892,0.003063570916004792,0.07785531011001719,-0.07715337792811663,0.016693590934662227,0.06395044302532195,0.01808999560473323,-0.005459307092848004,-0.006061447225541338,-0.0002731579959538707,-0.006464921070623118,0.037933717729089024,0.03490334559571033,0.08053389709586356,0.02251001341747299,-0.004533448831633617
9,0.008301347600614812,-0.013406064553624284,0.035843489793285256,0.06204733851687964,-0.04428989083457197,-0.028092068832280288,-0.002724506730097786,-0.021569794674011128,-0.023080275816444867,0.005778273501668364,-0.025324507925211064,0.09233931138500752,0.06059705327789719,0.018980139236419072,0.004128857338144277,0.011851957120350856,0.12360860620906078,-0.12721881255393638,0.145592766512103,1.0,0.2443030429912967,-0.12410160297627065,0.07133672197492533,0.13216260949061495,0.12217094159967708,0.14610664466813908,0.022179117997928634,-0.02439461546920843,-0.04908765438828168,0.02199641290272461,0.0319255256159618,-0.08104281271168154,0.04915434525332022,0.44672639058730435,0.07627982781689406,-0.09680141084879391,0.1567828090062563,0.20031127769170984,-0.03862728478739674,-0.06636325076673376,0.001939158870595166,-0.02445826990331274,-0.030470512223493396,0.03160670631863697,0.03397620602436704,0.1000518923378129,0.28450256284727105,0.8281646629914885,0.006351431160923961,-0.021093606811013403,0.03273907762437441,0.0332532776485185,-0.03473367651332914,-0.012574517488779982,-0.026920417236489923,-0.02630649985013688,0.012531001144654217,-0.00044740107156058205,-0.010951276828462727,-0.20419364009058696,-0.11025005580675769,0.7428477329979295,-0.002050890626849978,-0.008140016328633832,-0.013801646998354487,0.00033378190694477374,0.01681728406772007,0.04091787285340071,-0.018826013829992452,-0.02296136703483064,0.004471382408575519,-0.02959481614450353,-0.02548145836951418,-0.015016417872732555,0.08441109512102667,0.39809346338930224,0.09900228901691889,-0.06621690335730405,-0.0064226213137305675,0.02293746542839169,0.0551350919858814,0.06010966214297753,-0.00279344590764426,-0.012328496339234697,-0.0192946115439346,-0.03828703580556368,-0.0359674120463416,-0.0400058060605879,0.0028056007114368423,0.2294350038373835
10,0.08364942076851557,-0.14485062105556987,0.2916208996475515,0.46737483937808527,-0.19357595212266904,-0.1323790629371358,-0.0031710841077263493,-0.00564696580932122,-0.057687433555342206,-0.030866313269303156,-0.004052471346490806,-0.006107128038574054,0.21485589047618564,-0.20780308500124958,-0.01902269186692598,-0.008809607075885125,-0.00014556763520849484,-0.01343275995102127,0.0826603905514795,0.031523744532536535,0.04717463825472333,-0.054215783157777524,0.03888900619932528,0.1052397711865739,0.011124358914568802,0.057509494648171004,-0.006527486418201875,-0.009887343653144353,-0.00039561991306849787,0.005194107332076124,0.000543888792159815,0.07461391182508782,0.09374616099554736,0.016467460347717337,0.009813309938234014,-0.008874822191490288,0.005545642850853901,0.06961016476188137,-0.012013447503922203,-0.006400250298575864,-0.016941997836055128,-0.00485634903923761,-0.009362893233982972,-0.0033214990666533607,0.0013084142168687755,0.0705400914645919,0.07653254510333204,0.015734316994996868,0.00910162453766135,-0.03596858160437294,0.0811267632896904,0.09501652730781461,-0.06530826913765428,-0.03276926340541862,-0.001263744398309085,-0.0018930793164502258,-0.046146275218945675,-0.034789960209516614,-0.0226193603244474,-0.08780524985702917,0.04315663211880676,0.0445745687826078,0.053938247264970506,-0.20996006709548007,0.30834224535143473,0.3379129837433938,-0.24733794768872638,-0.1753881501257962,9.623773297485845e-05,-0.002209554098687945,-0.09481020909977401,-0.05590992013383681,-0.06456384771268621,0.37562583778058384,0.519020173864521,0.31704716394269916,0.6791751960606032,-0.5510008391557727,0.6230933690808415,1.0,0.16738119451613911,0.01954574630806229,-0.0006652354297702566,-0.0047890166589254195,-0.10011875171257743,-0.013926601313973004,-0.014443758130817538,0.8018307980018529,0.8006330799005864,0.5369328429608768
11,-0.0029241958039307597,-0.11383596595709929,0.18902241690842272,0.17110866577154915,-0.26551683951616206,-0.20298737646184417,0.00944934824182248,-0.032744177886712404,-0.052928893979558446,0.02373443724467288,-0.03401636192197309,0.010551169473316462,0.42186082984237366,0.2565486073416576,0.0287671989025368,0.02776623917679278,0.04647202051527851,0.0784761162708681,0.25949948490691305,0.19018049411183202,0.7944372193594835,-0.6549506628327898,0.5942650189768244,1.0,0.23012902686424405,0.03283587951032288,0.007683767006339541,-0.02419535210367564,-0.08342489879539082,0.10163719508850223,0.09777512922746308,0.6702354128584642,0.8591461138089419,0.5800383709572057,0.1200212369227861,-0.11470282375330917,0.2502968032984481,0.2958765986128993,-0.08953749648117289,-0.14489838122364757,0.005766748309191679,-0.029111294478568302,-0.08721411777022323,-0.044412864220239184,-0.08206006232339645,0.24240825067319774,0.3500560114966438,0.23009999281890467,-0.003160359184990724,-0.024492866351441458,-0.006587215577617248,-0.05267532579395608,-0.060194344513232,-0.047086773212002976,0.014994163213478757,-0.03918234837371304,-0.02229811227465702,-0.04504110653043529,-0.0443203693179383,-0.0268520614104706,-0.0591945770973255,-0.050111181289664006,-0.012122814227485967,-0.032626768848340884,-0.009206687286578011,-0.03274400833371128,-0.05660862561327464,-0.039058674065545716,0.012448581678567395,-0.039179786866889124,0.0015732920632825313,-0.034114027891212255,-0.03270142894055944,-0.04091969289425721,0.02745354839688794,0.02520633654541922,0.0781876590889223,-0.08843044961230259,0.0930574244203041,0.08709991773519213,-0.007276384539487568,-0.004693862116538339,0.002669041431129997,-0.03287734247240451,-0.026984099122995608,-0.029440637815324702,-0.02648886100037893,0.013584554339206497,0.13342843846546035,0.06184128739388938
12,0.053591137505669885,0.5107165672338456,-0.28700535726547977,-0.41829668093273026,0.9566433849363117,1.0,0.0011904681638827273,0.011258880340020191,0.11445540336391559,-0.017622113780517264,0.001069651307271948,0.08060259581322844,-0.3045778278581224,0.08186722922275591,0.0003602714315928988,0.024226964738094006,0.06585482716298306,-0.2933608912502334,-0.37159271106102093,-0.031634991141853724,-0.17578600674605224,0.28329577236879483,-0.1168463050147988,-0.20173935868147028,0.010686881381185656,0.11932747437943732,0.019651003936690316,0.014773900170871266,0.048767107477598805,-0.01702439633100456,-0.005110989023887235,-0.07750022645460278,-0.18284183180974248,-0.05777765369546492,-0.42951406920098484,0.3884051811171259,-0.22713614551349678,-0.3923459544426806,-0.09776090563101186,0.07891008491033798,0.02023561303064779,0.016183647358149523,0.08439010897518785,0.016861339423484965,0.001748914329144203,-0.1679950295956849,-0.24786815902110404,-0.09638497369820578,0.05276824576363884,0.47522824790496787,-0.32728692023315886,-0.42786829838701124,0.8538941978362213,0.8583011344331335,-0.019309749062256708,0.009536380247716782,0.1507595764140299,0.026786327705309778,0.03650453317659262,-0.2463951131501152,-0.38964709075445036,0.08946995855967492,0.03201547435408418,0.5133712642198374,-0.2893628914537245,-0.3714580101660947,0.8153121155981197,0.8313456380403387,-0.025832229043865302,0.0037892246971765503,0.16308727638030449,0.028196023190191908,0.034839976113251424,-0.20630441327350638,-0.28687859302731267,-0.16678339793222605,-0.2631340899929018,0.4212407450686254,-0.16862355675781074,-0.20433641543856088,-0.02854273140607125,0.08370753621874005,0.0022193805793788695,0.00868480797187961,0.09677884624827485,-0.017329340214566395,-0.02043608016157889,-0.08475889765398142,-0.2098498638673353,-0.12953961259007077
13,0.05483665293171238,0.01681521022296071,0.030467882030810283,0.03638973256814333,0.0946168139832317,-0.03405432081788262,-0.007424738442136151,0.01894723941654579,0.00023673286052339952,-0.026387783257619424,-0.011775344581527684,-0.08438083531476397,-0.15386053777378983,-0.035421831395962305,-0.0034722270539106733,0.005734992753047309,-0.004694812217305679,0.09535268050409298,-0.039094005544362216,-0.01977334722159609,-0.007196021882657805,0.16206774090755344,-0.047685301286526906,-0.06831507508460344,0.11761186362821072,0.11321907018481593,0.009932290243128822,0.00951809565153129,0.030917334009229403,-0.025478107827544103,-0.025008674958978988,-0.018962247389268126,-0.07388059407758413,0.03694156951672482,0.6671826246362423,0.17296423016613494,0.08956388303443182,0.09683883681211414,1.0,0.896478869386101,-0.008556584565426026,0.01887677685020184,0.02624455113003534,-0.019190575839717786,-0.019882858501970968,-0.07320761674603529,-0.13675052286630981,0.03281165389638094,0.05029459234457578,0.029138875161463008,0.07631298181865365,0.08032896492473825,-0.05952471222915295,-0.16322395807179904,-0.01241541852150963,0.025432715886317712,-0.01790834642486716,0.01914058314585931,0.014824124168406784,0.15246161725236532,0.100451711040886,-0.16189734958521282,-0.01047456510406474,-0.04184906815211015,0.0012943248193529567,0.023492937218303894,-0.0374535426436893,-0.07032968592758894,-0.019051530264236,0.024234836562418434,-0.026141927606668697,0.038966559276622244,0.03104930182764523,-0.00885485376702754,-0.0527995068784285,-0.034468129781504146,-0.02154350154576556,0.0630602205946768,-0.004784102323713872,-0.011782081171750223,-0.0021585076378936832,0.017900482253685377,-0.015910877612094313,0.020816059938695758,-0.014058833949540217,0.007509107234251418,0.0047386228104342445,0.03466451006926492,-0.010340907224902789,0.022346371008289376
14,0.022765861924499097,-0.13587764442079628,0.10591375096616784,0.3898260602460364,-0.11263780766557546,-0.07206863389598697,0.012721919993089803,-0.006487494818326739,-0.03822113181942604,-0.023018336509903377,0.02792828112453399,-0.0563271201268535,0.1672694053897154,0.03995822252900457,-0.030771812317854787,0.0024100723371499196,-0.16186354945804396,0.07196423989398533,1.0,0.1405861795388881,0.04811768386642373,-0.14891484703621807,-0.0604505502475307,0.22107947657665358,-0.04153884876627445,-0.07652185385613819,-0.0027428483057690945,-0.016211448537137133,-0.02263057498759741,-0.015855222462562144,-0.0033150197362851984,-0.08895967936790003,0.2914862869016763,-0.06576252763706543,0.35705083452175873,-0.30214849969306623,0.3071833897139118,0.7512375617724275,-0.014563012935789214,-0.12387161720522089,0.01563469749549122,-0.0013651555794526346,-0.06052783158181374,-0.015784838101957185,0.003176291403105352,0.2516822347128718,0.8168009095174712,0.19740278106115966,0.029064056755638664,-0.19287029780105783,0.2446578534506458,0.42149794494213155,-0.26344828860078906,-0.2008332430440466,0.014596303626708738,0.011496108218719471,-0.07294768903883196,-0.03967877398607709,-0.026342910499275854,-0.09441598242639258,0.7505589782420974,-0.022320050689275662,0.002095792732650295,-0.1285242006683635,0.06561730390790765,0.21207223378514362,-0.12741153912317774,-0.09570996599574204,0.02868497663381084,0.0017956082104817182,-0.04607847341820502,-0.03149847004162409,-0.03505876573320623,-0.07322228942328775,0.39541679467517726,0.07110324071607296,-0.023857215799921658,-0.03976192255994326,-0.058951628659080664,0.09967719694372902,-0.04736020354169091,-0.03747115701450714,0.020303574254378585,-0.014706410682098702,-0.005408101643891816,-0.0035433447333805992,-0.001657453706602044,-0.07036530435536888,0.13977826446014202,-0.0943289452950168
15,0.010192296232467509,-0.045819837801896454,0.07925214533715755,0.2471949974030939,-0.054241536771502584,-0.10427071619821093,0.018165166547385637,-0.007057363013214474,-0.022081619876965622,0.06647650527124853,-0.0009140978930652194,-0.1879552379631469,-0.06365048176021887,0.03772035500519443,0.03716427632847231,-0.03443595975264686,0.016361349118248724,1.0,0.012550802835640045,0.02264604964702779,0.15198169076902207,-0.06450044021287966,-0.05826331824820032,0.08743007414471161,0.13697244097039452,0.06863212863003913,0.0507014744114833,0.000633906037254307,-0.07820312425391196,0.043593094232276156,-0.004338770170926272,0.38583166064904006,-0.12893838416696754,-0.007277669178184596,0.47535898487476624,-0.251329030876128,0.45316920548858275,0.7110501524958945,0.04465986030809061,-0.1477657329486369,0.016986731503549745,0.008945423306067823,-0.1323136194925772,0.05246863749423715,0.03191284880545224,0.9530229906706069,0.128437337848545,0.22405710343912566,0.004413961360196891,-0.018504793220313495,0.27919123584398614,0.26912171253850004,-0.1696305521098438,-0.18041233170219453,0.0008587601719239538,-0.0006735005039570702,-0.06989577004437073,0.021262764828649906,-0.022143385602312257,0.6442427170961147,-0.23737453396780778,-0.3742289117497733,-0.044339160352465545,0.18681482298613392,-0.06483449626788361,0.03630474558230139,0.09809986802731888,0.05104166738963749,-0.005005614013654334,-0.022232040147724636,0.07840674283354854,0.03271462389294691,0.024482704479030025,0.11003335746092498,-0.27195419868221293,-0.24805565163906473,-0.024446741445470314,-0.017030160143519348,-0.1859174143345638,0.04466823247789946,0.015143170218512553,-0.013599077720852297,-0.0025402188699046556,-0.02128780120604393,0.08728434013715053,-0.002865305783494345,-0.0068717582684243396,0.2572403795825909,-0.13068722243090555,-0.14225383385606286
16,-0.03794280417622715,0.9051843626324373,0.03625200007644592,-0.16748697614369965,0.12229073404775262,0.04765005893447065,0.0017860332534701076,0.012613276703320716,0.008351453909433891,0.055423428277186784,-0.0744432479217554,-0.10369725087533707,0.014654698750165424,0.07857915185478816,-0.014449806724211126,-0.05080044261344251,0.2861540496441856,-0.057310362122581594,-0.2281885003720843,-0.02794484575140479,0.004688002655150782,0.06849682031046954,-0.03572711588050164,-0.055321595690217044,0.08562561626169875,-0.0015608697910904606,-0.023185426257028647,0.009821873119419918,0.05803976273634367,-0.013191253143273041,-0.03060305562364673,-0.09002508342376682,-0.03741918153611704,-0.07357329974862122,-0.20190361510123644,0.7743970408233228,0.09125248745693967,-0.2116045372148845,0.1508821188680838,-0.03346600392755183,-0.005653851900004444,0.02511326872466136,0.009339416980697467,-0.03265273845825604,-0.047437451908118815,-0.04342720832960566,-0.009751058000803897,-0.009689513265518783,-0.03634850267574148,1.0,0.09594836266141439,-0.22881652604476008,0.3277088486625772,0.24539541232904774,0.025203155094847603,0.018522453973245392,-0.038419421574748945,-0.010430830040715378,-0.019247399545326154,-0.05916049673496135,-0.4200615533679849,-0.02243217312396125,-0.025680178527892315,0.6451647673857145,0.03645402543382358,-0.1507331505179028,0.18544588271310772,0.14147331672587257,0.009799896670392529,0.0014713131236022022,-0.014435684988657027,0.007781966663617079,0.014746970714493534,-0.017570790472103404,-0.09457169908889126,-0.051128479768531396,-0.00984191533843081,0.11130214823881869,-0.02869152114721828,-0.059939149474798774,0.05326155655208654,0.004274298843367583,0.0029484233173513574,0.008564628873248409,-0.002493855942101692,-0.0076946253634298896,-0.015150920622836704,-0.02427772817123045,-0.06635441854076403,-0.052038323516854
17,0.034199538084411014,0.0061365316588332915,0.05805840382893965,0.009586366052518487,0.013502337206385424,-0.045759045940672365,0.008057481227710538,-0.005940544759743142,-0.019314856507891682,-0.019136001705770497,-0.027368360256008254,-0.023567548183728856,-0.13799434954283654,0.025854642015566268,0.0005074259627838457,-0.0211568332498014,0.016235146409009485,-0.030500041644263138,-0.04647843706874817,0.05528218257223063,0.09486095006212945,0.05238428065452815,0.030023503799836183,-0.0020928784973098385,0.13829995483727717,0.11160149270571677,-0.005680790412328715,-0.002175413581139972,0.016889840744567394,0.010424063973831582,-0.0018681199813646951,0.0764731596316123,-0.057272754762293494,0.049712534135349415,-0.006911200708084459,0.05289888823098928,0.016036574776904174,-0.0206954642638149,0.0024843898261482644,0.0011128503523465626,-0.0060170417507866775,-0.0067976060648450385,0.014402604647595046,0.02805029165380656,0.02649885580385982,0.025919422308499012,-0.041646707348081166,0.0500063867537842,-0.008501148119007424,0.026275419801193363,-0.008352913208031075,-0.028664413753774435,0.027656975922050988,0.015239576477991837,0.0012313249888615586,-0.0064168097625271515,-0.018531225948746517,-0.012783345633574786,0.0031788828237517826,-0.06605072839003152,-0.033664596565583446,0.03776941085541346,0.029797170952406245,-0.030123765858764154,0.056400762692978224,0.032835763543714994,-0.042922635363885325,-0.08013205563893785,0.019273397371382582,-0.005934634376683144,-0.055613266763816456,-0.03625195775617326,-0.05036117116170609,0.11840982535159779,0.07836081561620109,0.37633045333810927,0.731469049444914,-0.08122714292882102,0.14674798172825204,0.08859803189714244,1.0,0.9149100270284379,0.023476537473356263,-0.008993654927449574,-0.04775097045128553,0.008294028072518115,0.009063011773369092,0.04389590524177715,-0.0849327468421756,0.27953203796306164
